step,KE,PE,T_insta,P_insta
0,391.3016,-413.596,123.0,4.6302
1,391.1757,-413.0689,122.9604,4.6414
2,390.2474,-411.739,122.6686,4.664
3,388.517,-409.6077,122.1247,4.6978
4,385.9866,-406.6782,121.3293,4.7423
5,382.6609,-402.9571,120.2839,4.7976
6,378.5487,-398.4554,118.9913,4.8636
7,373.6629,-393.188,117.4555,4.9398
8,368.021,-387.1753,115.6821,5.026
9,361.6462,-380.4436,113.6783,5.1217
10,354.5682,-373.0263,111.4534,5.2262
11,346.8243,-364.9646,109.0192,5.3389
12,338.46,-356.3091,106.39,5.4588
13,329.5307,-347.1198,103.5832,5.585
14,320.1016,-337.4676,100.6193,5.7164
15,310.2491,-327.4344,97.5223,5.8517
16,300.0607,-317.1132,94.3197,5.9894
17,289.6349,-306.6082,91.0425,6.1282
18,279.0809,-296.0333,87.7251,6.2664
19,268.5173,-285.511,84.4045,6.4021
20,258.0699,-275.1701,81.1205,6.5337
21,247.8697,-265.143,77.9143,6.6592
22,238.0496,-255.5621,74.8275,6.7769
23,228.7407,-246.5561,71.9013,6.885
24,220.0683,-238.2461,69.1753,6.9818
25,212.1484,-230.7416,66.6858,7.0659
26,205.0829,-224.1365,64.4649,7.1361
27,198.9573,-218.5067,62.5393,7.1913
28,193.8369,-213.9069,60.9298,7.2309
29,189.7659,-210.37,59.6502,7.2544
30,186.7657,-207.9063,58.7071,7.2618
31,184.8355,-206.5042,58.1004,7.2532
32,183.9532,-206.1316,57.823,7.2291
33,184.0776,-206.7385,57.8621,7.1903
34,185.1504,-208.2595,58.1993,7.1376
35,187.0996,-210.6168,58.8121,7.0721
36,189.8427,-213.7237,59.6743,6.995
37,193.2896,-217.4878,60.7578,6.9076
38,197.3461,-221.8135,62.0329,6.8113
39,201.916,-226.6051,63.4694,6.7075
40,206.9045,-231.7688,65.0374,6.5973
41,212.2193,-237.2143,66.7081,6.4822
42,217.7728,-242.857,68.4537,6.3634
43,223.4834,-248.6186,70.2488,6.242
44,229.2764,-254.428,72.0697,6.119
45,235.0842,-260.2215,73.8953,5.9954
46,240.8474,-265.9435,75.7069,5.8722
47,246.5142,-271.5462,77.4882,5.7499
48,252.0406,-276.9892,79.2253,5.6293
49,257.3897,-282.2392,80.9067,5.5109
50,262.5318,-287.27,82.5231,5.3952
51,267.4441,-292.0617,84.0672,5.2825
52,272.1097,-296.6003,85.5338,5.1732
53,276.517,-300.8767,86.9191,5.0675
54,280.6596,-304.8869,88.2213,4.9655
55,284.5356,-308.631,89.4396,4.8673
56,288.1471,-312.1131,90.5749,4.7729
57,291.4998,-315.3404,91.6288,4.6823
58,294.6026,-318.3232,92.6041,4.5955
59,297.4671,-321.0741,93.5045,4.5123
60,300.1068,-323.6078,94.3342,4.4325
61,302.5374,-325.9407,95.0983,4.356
62,304.776,-328.0905,95.8019,4.2826
63,306.8406,-330.0757,96.4509,4.2121
64,308.7501,-331.9152,97.0511,4.1443
65,310.5234,-333.6277,97.6086,4.0788
66,312.1791,-335.2316,98.129,4.0156
67,313.7351,-336.7445,98.6181,3.9544
68,315.2084,-338.1827,99.0812,3.895
69,316.6147,-339.5609,99.5233,3.8373
70,317.9678,-340.8921,99.9486,3.7809
71,319.2796,-342.1872,100.3609,3.7259
72,320.56,-343.4549,100.7634,3.6722
73,321.8165,-344.7015,101.1584,3.6195
74,323.0544,-345.9314,101.5475,3.5679
75,324.2768,-347.1465,101.9317,3.5172
76,325.4849,-348.3471,102.3115,3.4677
77,326.6778,-349.5312,102.6864,3.4191
78,327.8526,-350.6953,103.0557,3.3717
79,329.0052,-351.8346,103.418,3.3253
80,330.1301,-352.9432,103.7716,3.28
81,331.2212,-354.0144,104.1146,3.2359
82,332.2713,-355.0409,104.4447,3.1933
83,333.2731,-356.0153,104.7596,3.152
84,334.2189,-356.9301,105.0569,3.1122
85,335.1019,-357.7788,105.3344,3.074
86,335.9158,-358.5557,105.5903,3.0372
87,336.6553,-359.2559,105.8227,3.0022
88,337.3161,-359.8758,106.0305,2.9689
89,337.8955,-360.4132,106.2126,2.9373
90,338.3919,-360.8677,106.3686,2.9075
91,338.8055,-361.2399,106.4986,2.8794
92,339.1378,-361.5321,106.6031,2.8529
93,339.3919,-361.7482,106.6829,2.828
94,339.5723,-361.8934,106.7397,2.8046
95,339.6851,-361.9746,106.7751,2.7826
96,339.7378,-362.0003,106.7917,2.7619
97,339.7399,-361.9807,106.7923,2.7423
98,339.7022,-361.9271,106.7805,2.7237
99,339.6367,-361.8521,106.7599,2.7058
100,339.5562,-361.7687,106.7346,2.6886
101,339.4736,-361.6892,106.7086,2.6718
102,339.4007,-361.6247,106.6857,2.6553
103,339.3475,-361.5839,106.669,2.6391
104,339.3211,-361.5721,106.6607,2.6231
105,339.3246,-361.5901,106.6618,2.6071
106,339.357,-361.635,106.672,2.5913
107,339.4133,-361.6997,106.6897,2.5758
108,339.4845,-361.774,106.7121,2.5606
109,339.5594,-361.8454,106.7356,2.546
110,339.6247,-361.9006,106.7561,2.5319
111,339.6668,-361.9259,106.7694,2.5186
112,339.6729,-361.9094,106.7713,2.5063
113,339.6317,-361.8411,106.7583,2.495
114,339.535,-361.7141,106.7279,2.4848
115,339.3772,-361.5248,106.6783,2.4758
116,339.1567,-361.2732,106.609,2.4679
117,338.875,-360.9624,106.5205,2.461
118,338.5371,-360.5989,106.4142,2.4551
119,338.1505,-360.1917,106.2927,2.4501
120,337.7256,-359.752,106.1592,2.4458
121,337.2743,-359.2923,106.0173,2.442
122,336.8096,-358.8259,105.8712,2.4388
123,336.345,-358.3661,105.7252,2.4357
124,335.8931,-357.925,105.5831,2.4327
125,335.4656,-357.5134,105.4488,2.4296
126,335.0722,-357.1399,105.3251,2.4262
127,334.7203,-356.8106,105.2145,2.4227
128,334.4145,-356.5286,105.1184,2.4189
129,334.1564,-356.2937,105.0372,2.4147
130,333.9441,-356.1024,104.9705,2.4102
131,333.7724,-355.9481,104.9165,2.4056
132,333.6334,-355.8216,104.8728,2.4008
133,333.5167,-355.7114,104.8362,2.396
134,333.4102,-355.6049,104.8027,2.3915
135,333.3005,-355.4884,104.7682,2.3872
136,333.1744,-355.3494,104.7285,2.3834
137,333.0199,-355.177,104.68,2.3802
138,332.8278,-354.9635,104.6196,2.3778
139,332.592,-354.7048,104.5455,2.376
140,332.3106,-354.4014,104.457,2.375
141,331.9863,-354.058,104.3551,2.3746
142,331.6259,-353.6835,104.2418,2.3746
143,331.2402,-353.2901,104.1206,2.375
144,330.8421,-352.8913,103.9955,2.3754
145,330.4458,-352.5012,103.8709,2.376
146,330.0645,-352.1322,103.751,2.3763
147,329.7099,-351.7944,103.6395,2.3763
148,329.3904,-351.495,103.5391,2.376
149,329.1116,-351.2378,103.4515,2.3752
150,328.8759,-351.0241,103.3774,2.374
151,328.6833,-350.8527,103.3168,2.3723
152,328.5322,-350.7217,103.2693,2.3702
153,328.42,-350.6283,103.2341,2.3677
154,328.344,-350.5698,103.2102,2.3649
155,328.3015,-350.5432,103.1968,2.3617
156,328.2893,-350.5452,103.193,2.3583
157,328.3039,-350.572,103.1976,2.3546
158,328.341,-350.6188,103.2092,2.3509
159,328.3953,-350.6797,103.2263,2.347
160,328.4603,-350.7476,103.2467,2.3432
161,328.5284,-350.8145,103.2682,2.3396
162,328.5913,-350.8717,103.2879,2.3361
163,328.64,-350.9102,103.3032,2.3331
164,328.6654,-350.921,103.3112,2.3305
165,328.6587,-350.8952,103.3091,2.3285
166,328.6111,-350.8243,103.2942,2.3273
167,328.5146,-350.7005,103.2638,2.3269
168,328.3611,-350.5159,103.2156,2.3274
169,328.1433,-350.2635,103.1471,2.3291
170,327.8541,-349.9362,103.0562,2.3318
171,327.4868,-349.5274,102.9407,2.3357
172,327.0347,-349.0307,102.7987,2.3408
173,326.4918,-348.4401,102.628,2.3473
174,325.8523,-347.7504,102.427,2.3552
175,325.1114,-346.9572,102.1941,2.3647
176,324.2653,-346.0574,101.9281,2.3756
177,323.3119,-345.0501,101.6284,2.3879
178,322.2513,-343.9364,101.2951,2.4018
179,321.0858,-342.7199,100.9287,2.417
180,319.8205,-341.4075,100.531,2.4336
181,318.4638,-340.0089,100.1045,2.4513
182,317.0272,-338.5373,99.6529,2.47
183,315.5252,-337.0089,99.1808,2.4895
184,313.9756,-335.4427,98.6937,2.5094
185,312.3989,-333.8607,98.1981,2.5295
186,310.8179,-332.2864,97.7011,2.5494
187,309.257,-330.7447,97.2105,2.5689
188,307.7414,-329.2611,96.7341,2.5876
189,306.2963,-327.8604,96.2798,2.6052
190,304.9464,-326.5667,95.8555,2.6213
191,303.7147,-325.402,95.4683,2.6358
192,302.6224,-324.3864,95.125,2.6481
193,301.688,-323.5369,94.8313,2.6583
194,300.927,-322.8673,94.5921,2.6661
195,300.3513,-322.3874,94.4111,2.6715
196,299.9687,-322.103,94.2908,2.6743
197,299.7827,-322.015,94.2323,2.6746
198,299.7917,-322.1195,94.2352,2.6724
199,299.9893,-322.4073,94.2973,2.6679
200,300.3636,-322.864,94.415,2.6613
201,300.8977,-323.4701,94.5828,2.6527
202,301.5696,-324.2017,94.7941,2.6426
203,302.3537,-325.0314,95.0405,2.6312
204,303.2211,-325.929,95.3132,2.619
205,304.141,-326.8637,95.6023,2.6063
206,305.0823,-327.8045,95.8982,2.5936
207,306.0149,-328.7218,96.1914,2.5813
208,306.9098,-329.5881,96.4727,2.5697
209,307.741,-330.379,96.7339,2.5591
210,308.4859,-331.0735,96.9681,2.5498
211,309.1252,-331.6543,97.169,2.542
212,309.6437,-332.108,97.332,2.536
213,310.0299,-332.4252,97.4534,2.5317
214,310.2763,-332.6002,97.5309,2.5295
215,310.3791,-332.631,97.5632,2.5292
216,310.3379,-332.5189,97.5502,2.5309
217,310.1557,-332.2681,97.493,2.5346
218,309.8381,-331.8861,97.3931,2.5401
219,309.3938,-331.3824,97.2535,2.5473
220,308.8337,-330.7689,97.0774,2.5562
221,308.1703,-330.0591,96.8689,2.5664
222,307.4177,-329.2675,96.6323,2.5779
223,306.5909,-328.4092,96.3724,2.5904
224,305.7051,-327.4992,96.094,2.6038
225,304.7749,-326.5519,95.8016,2.6178
226,303.8141,-325.5802,95.4996,2.6323
227,302.8347,-324.595,95.1917,2.6472
228,301.8463,-323.6045,94.881,2.6622
229,300.856,-322.6145,94.5697,2.6775
230,299.8679,-321.6281,94.2592,2.6928
231,298.8842,-320.646,93.9499,2.7082
232,297.9048,-319.6677,93.6421,2.7237
233,296.9283,-318.6915,93.3351,2.7392
234,295.9533,-317.7165,93.0287,2.7548
235,294.9797,-316.7435,92.7226,2.7703
236,294.0097,-315.7768,92.4177,2.7859
237,293.0494,-314.8245,92.1158,2.8013
238,292.1096,-313.9001,91.8204,2.8163
239,291.2061,-313.0219,91.5364,2.8308
240,290.3596,-312.2126,91.2704,2.8444
241,289.5945,-311.4973,91.0298,2.8567
242,288.9359,-310.9008,90.8228,2.8675
243,288.4073,-310.4444,90.6567,2.8766
244,288.0271,-310.1425,90.5372,2.8838
245,287.8051,-309.9998,90.4674,2.8891
246,287.7404,-310.0092,90.447,2.8925
247,287.8198,-310.1517,90.472,2.8944
248,288.0181,-310.3964,90.5343,2.895
249,288.2997,-310.7031,90.6229,2.895
250,288.6207,-311.0256,90.7238,2.8948
251,288.9331,-311.3149,90.822,2.8951
252,289.1879,-311.5231,90.902,2.8965
253,289.3391,-311.6066,90.9496,2.8994
254,289.3464,-311.5293,90.9519,2.9044
255,289.1783,-311.2648,90.899,2.9118
256,288.814,-310.7981,90.7845,2.9215
257,288.2445,-310.1264,90.6055,2.9338
258,287.4733,-309.2594,90.3631,2.9484
259,286.516,-308.2183,90.0622,2.9651
260,285.3989,-307.034,89.711,2.9835
261,284.1572,-305.7454,89.3207,3.0031
262,282.8329,-304.3967,88.9044,3.0232
263,281.4715,-303.0342,88.4765,3.0433
264,280.1192,-301.7028,88.0514,3.0629
265,278.8192,-300.4436,87.6428,3.0813
266,277.6094,-299.2906,87.2625,3.0982
267,276.52,-298.2698,86.9201,3.1132
268,275.5725,-297.3981,86.6222,3.1263
269,274.7792,-296.6839,86.3729,3.1372
270,274.1448,-296.128,86.1735,3.1459
271,273.6668,-295.7255,86.0232,3.1525
272,273.338,-295.4672,85.9198,3.157
273,273.1477,-295.3415,85.86,3.1595
274,273.0838,-295.336,85.84,3.1603
275,273.134,-295.4389,85.8557,3.1595
276,273.287,-295.6395,85.9038,3.1571
277,273.5332,-295.9295,85.9812,3.1533
278,273.8652,-296.3026,86.0856,3.1482
279,274.278,-296.7546,86.2153,3.1418
280,274.7682,-297.2829,86.3694,3.1343
281,275.3337,-297.8855,86.5472,3.1255
282,275.9723,-298.56,86.7479,3.1158
283,276.6812,-299.3027,86.9707,3.105
284,277.4557,-300.1078,87.2142,3.0933
285,278.2886,-300.9668,87.476,3.0808
286,279.1702,-301.8682,87.7531,3.0677
287,280.0877,-302.7987,88.0415,3.0542
288,281.0268,-303.7429,88.3367,3.0405
289,281.9719,-304.6854,88.6338,3.0269
290,282.9076,-305.6112,88.9279,3.0134
291,283.8196,-306.5067,89.2146,3.0004
292,284.6956,-307.3609,89.4899,2.9878
293,285.5258,-308.1657,89.7509,2.9759
294,286.3037,-308.9162,89.9954,2.9647
295,287.0262,-309.6111,90.2225,2.9541
296,287.6937,-310.2523,90.4324,2.9443
297,288.3098,-310.8451,90.626,2.9352
298,288.881,-311.3969,90.8056,2.9266
299,289.4156,-311.917,90.9736,2.9185
300,289.9234,-312.4149,91.1332,2.9108
301,290.4136,-312.8997,91.2873,2.9033
302,290.8946,-313.3783,91.4385,2.8959
303,291.3717,-313.8544,91.5885,2.8887
304,291.8466,-314.3271,91.7378,2.8817
305,292.3158,-314.7907,91.8853,2.875
306,292.771,-315.2339,92.0283,2.8686
307,293.1985,-315.6411,92.1627,2.8629
308,293.5807,-315.9931,92.2829,2.858
309,293.8976,-316.2695,92.3825,2.8543
310,294.1285,-316.4497,92.455,2.8519
311,294.2537,-316.5155,92.4944,2.8511
312,294.2565,-316.4524,92.4953,2.852
313,294.125,-316.2509,92.4539,2.8548
314,293.8526,-315.9076,92.3683,2.8594
315,293.439,-315.4254,92.2383,2.8659
316,292.8901,-314.8134,92.0658,2.8742
317,292.2184,-314.0866,91.8546,2.8839
318,291.4414,-313.2654,91.6104,2.895
319,290.5814,-312.3737,91.3401,2.907
320,289.6642,-311.4383,91.0518,2.9196
321,288.7172,-310.487,90.7541,2.9324
322,287.7677,-309.546,90.4556,2.9452
323,286.8408,-308.6389,90.1643,2.9576
324,285.958,-307.7849,89.8868,2.9694
325,285.1358,-306.9973,89.6283,2.9804
326,284.3843,-306.2831,89.3921,2.9906
327,283.7075,-305.6431,89.1794,2.9999
328,283.1033,-305.073,88.9894,3.0083
329,282.565,-304.5638,88.8202,3.016
330,282.0822,-304.1043,88.6685,3.023
331,281.6428,-303.6819,88.5304,3.0294
332,281.2345,-303.2849,88.402,3.0354
333,280.8462,-302.903,88.2799,3.0412
334,280.469,-302.529,88.1614,3.0467
335,280.0971,-302.1587,88.0445,3.052
336,279.7281,-301.7913,87.9285,3.057
337,279.3632,-301.43,87.8138,3.0617
338,279.007,-301.0808,87.7018,3.0661
339,278.6672,-300.7531,87.595,3.07
340,278.3545,-300.4587,87.4967,3.0733
341,278.0819,-300.2117,87.411,3.0757
342,277.8645,-300.0279,87.3427,3.077
343,277.7185,-299.9239,87.2968,3.077
344,277.6606,-299.9162,87.2786,3.0756
345,277.7071,-300.0208,87.2932,3.0725
346,277.8732,-300.2518,87.3454,3.0676
347,278.1719,-300.6207,87.4393,3.0607
348,278.6129,-301.1352,87.5779,3.0518
349,279.2016,-301.7984,87.763,3.0408
350,279.9388,-302.6087,87.9947,3.0278
351,280.8202,-303.559,88.2718,3.0128
352,281.8361,-304.637,88.5911,2.996
353,282.9719,-305.8261,88.9481,2.9777
354,284.2087,-307.1054,89.3369,2.9581
355,285.5242,-308.4514,89.7504,2.9375
356,286.8939,-309.8387,90.1809,2.9163
357,288.2918,-311.2412,90.6204,2.8947
358,289.692,-312.6334,91.0605,2.8732
359,291.0694,-313.9911,91.4935,2.852
360,292.4014,-315.2932,91.9122,2.8314
361,293.668,-316.5211,92.3103,2.8116
362,294.8529,-317.6608,92.6828,2.793
363,295.944,-318.7024,93.0257,2.7755
364,296.9337,-319.6405,93.3368,2.7593
365,297.8187,-320.4739,93.615,2.7444
366,298.5999,-321.2052,93.8606,2.7308
367,299.2817,-321.8403,94.0749,2.7184
368,299.8712,-322.3876,94.2602,2.7072
369,300.3778,-322.8573,94.4194,2.697
370,300.8123,-323.2603,94.556,2.6878
371,301.1856,-323.6076,94.6734,2.6794
372,301.5084,-323.9093,94.7748,2.6718
373,301.7905,-324.1744,94.8635,2.6647
374,302.0398,-324.4101,94.9419,2.6582
375,302.2625,-324.6215,95.0119,2.6522
376,302.4625,-324.8109,95.0747,2.6466
377,302.641,-324.9783,95.1308,2.6414
378,302.7963,-325.1206,95.1796,2.6367
379,302.9242,-325.2326,95.2198,2.6326
380,303.0183,-325.3067,95.2494,2.6291
381,303.07,-325.3335,95.2657,2.6264
382,303.0692,-325.302,95.2654,2.6246
383,303.0046,-325.2011,95.2451,2.6238
384,302.8648,-325.0194,95.2012,2.6242
385,302.6389,-324.7466,95.1302,2.6259
386,302.3174,-324.3741,95.0291,2.629
387,301.8927,-323.8954,94.8956,2.6335
388,301.3597,-323.3074,94.7281,2.6396
389,300.717,-322.6102,94.526,2.647
390,299.9667,-321.8079,94.2902,2.6559
391,299.1148,-320.9085,94.0224,2.666
392,298.1712,-319.9238,93.7258,2.6773
393,297.1497,-318.8693,93.4047,2.6894
394,296.0672,-317.7635,93.0645,2.7022
395,294.9436,-316.6272,92.7113,2.7154
396,293.8003,-315.4823,92.3519,2.7287
397,292.6598,-314.3516,91.9934,2.7418
398,291.5446,-313.2571,91.6428,2.7545
399,290.4764,-312.2198,91.3071,2.7664
400,289.4751,-311.2585,90.9923,2.7774
401,288.5582,-310.3895,90.7041,2.7872
402,287.7408,-309.6263,90.4472,2.7955
403,287.0347,-308.9794,90.2252,2.8024
404,286.4493,-308.4569,90.0412,2.8077
405,285.9912,-308.0639,89.8972,2.8113
406,285.6644,-307.8036,89.7945,2.8132
407,285.471,-307.6769,89.7337,2.8135
408,285.411,-307.683,89.7148,2.8121
409,285.4825,-307.8188,89.7373,2.8091
410,285.6815,-308.0793,89.7998,2.8046
411,286.0016,-308.4567,89.9005,2.7987
412,286.4337,-308.9405,90.0363,2.7916
413,286.9657,-309.5167,90.2035,2.7834
414,287.5817,-310.1677,90.3972,2.7743
415,288.2626,-310.8727,90.6112,2.7648
416,288.9858,-311.6076,90.8385,2.7551
417,289.7259,-312.3459,91.0711,2.7455
418,290.4555,-313.0597,91.3005,2.7364
419,291.1467,-313.7213,91.5178,2.7282
420,291.7722,-314.304,91.7144,2.7212
421,292.3064,-314.7841,91.8823,2.7157
422,292.7275,-315.1417,92.0147,2.712
423,293.018,-315.3621,92.106,2.7103
424,293.1664,-315.4371,92.1526,2.7105
425,293.1676,-315.3648,92.153,2.7129
426,293.0229,-315.15,92.1075,2.7172
427,292.7409,-314.8045,92.0189,2.7233
428,292.3364,-314.3464,91.8917,2.731
429,291.8303,-313.7991,91.7327,2.7399
430,291.2485,-313.1902,91.5498,2.7497
431,290.62,-312.5502,91.3522,2.76
432,289.9761,-311.9107,91.1498,2.7705
433,289.3488,-311.3033,90.9526,2.7807
434,288.7683,-310.7569,90.7702,2.7903
435,288.2623,-310.2971,90.6111,2.799
436,287.8537,-309.9442,90.4826,2.8065
437,287.5601,-309.7128,90.3904,2.8126
438,287.393,-309.6111,90.3378,2.8172
439,287.3571,-309.6405,90.3266,2.8203
440,287.4507,-309.7963,90.356,2.8218
441,287.6662,-310.0683,90.4237,2.822
442,287.9911,-310.4417,90.5258,2.8209
443,288.4087,-310.8984,90.6571,2.8189
444,288.8995,-311.4181,90.8114,2.8161
445,289.4428,-311.9798,90.9822,2.8129
446,290.0176,-312.5628,91.1628,2.8094
447,290.6039,-313.148,91.3471,2.8059
448,291.1838,-313.719,91.5294,2.8026
449,291.7421,-314.2617,91.7049,2.7997
450,292.2662,-314.765,91.8696,2.7974
451,292.7464,-315.2208,92.0206,2.7957
452,293.1759,-315.6233,92.1556,2.7948
453,293.5501,-315.9689,92.2732,2.7946
454,293.8662,-316.2556,92.3726,2.7952
455,294.1229,-316.4823,92.4533,2.7967
456,294.3192,-316.6482,92.515,2.7991
457,294.4544,-316.7527,92.5575,2.8023
458,294.5278,-316.795,92.5806,2.8064
459,294.5385,-316.7738,92.5839,2.8114
460,294.485,-316.6876,92.5671,2.8174
461,294.3658,-316.5349,92.5296,2.8244
462,294.1795,-316.3146,92.4711,2.8323
463,293.9251,-316.0259,92.3911,2.8411
464,293.6025,-315.6693,92.2897,2.8509
465,293.2125,-315.2461,92.1671,2.8617
466,292.7573,-314.7593,92.024,2.8733
467,292.2405,-314.2134,91.8616,2.8856
468,291.6672,-313.6142,91.6814,2.8987
469,291.0446,-312.9697,91.4857,2.9125
470,290.381,-312.2892,91.2771,2.9267
471,289.6869,-311.5838,91.0589,2.9413
472,288.9736,-310.8653,90.8347,2.9561
473,288.2538,-310.1468,90.6084,2.9709
474,287.5407,-309.4421,90.3843,2.9855
475,286.8483,-308.7649,90.1666,2.9997
476,286.1903,-308.1289,89.9598,3.0133
477,285.5802,-307.5474,89.768,3.0262
478,285.0308,-307.0325,89.5953,3.0382
479,284.5535,-306.5947,89.4453,3.0492
480,284.1579,-306.2429,89.3209,3.059
481,283.8518,-305.9834,89.2247,3.0675
482,283.6401,-305.8197,89.1582,3.0748
483,283.5249,-305.7522,89.1219,3.0809
484,283.5046,-305.7777,89.1156,3.0858
485,283.5743,-305.8891,89.1375,3.0896
486,283.7249,-306.0755,89.1848,3.0925
487,283.9437,-306.3222,89.2536,3.0946
488,284.2141,-306.6111,89.3386,3.0961
489,284.5164,-306.9209,89.4336,3.0972
490,284.8283,-307.2287,89.5317,3.0984
491,285.1263,-307.5107,89.6253,3.0999
492,285.3865,-307.7431,89.7071,3.102
493,285.5859,-307.9038,89.7698,3.1049
494,285.7034,-307.9732,89.8067,3.1088
495,285.7209,-307.9351,89.8122,3.114
496,285.6246,-307.778,89.782,3.1206
497,285.4052,-307.495,89.713,3.1287
498,285.0584,-307.0845,89.604,3.1383
499,284.5851,-306.5497,89.4552,3.1493
500,283.9911,-305.899,89.2685,3.1616
501,283.287,-305.145,89.0472,3.1751
502,282.4875,-304.3043,88.7959,3.1895
503,281.6106,-303.3964,88.5202,3.2046
504,280.6772,-302.4428,88.2268,3.2202
505,279.7095,-301.4664,87.9226,3.236
506,278.7303,-300.49,87.6148,3.2515
507,277.7623,-299.5356,87.3106,3.2666
508,276.8268,-298.6236,87.0165,3.281
509,275.943,-297.772,86.7387,3.2944
510,275.1275,-296.9957,86.4824,3.3068
511,274.3938,-296.3071,86.2517,3.3179
512,273.7529,-295.7156,86.0503,3.3276
513,273.2126,-295.2278,85.8804,3.3358
514,272.7787,-294.8486,85.744,3.3424
515,272.455,-294.5809,85.6423,3.3475
516,272.2437,-294.4264,85.5759,3.3509
517,272.1462,-294.3858,85.5452,3.3527
518,272.1623,-294.4585,85.5503,3.353
519,272.291,-294.6429,85.5908,3.3516
520,272.5303,-294.9361,85.666,3.3488
521,272.8759,-295.3331,85.7746,3.3444
522,273.3224,-295.8272,85.9149,3.3387
523,273.8615,-296.409,86.0844,3.3318
524,274.4828,-297.0667,86.2797,3.3238
525,275.173,-297.7857,86.4967,3.315
526,275.9164,-298.5493,86.7303,3.3055
527,276.6953,-299.3388,86.9752,3.2958
528,277.4903,-300.1344,87.2251,3.2859
529,278.2813,-300.916,87.4737,3.2761
530,279.0482,-301.6637,87.7148,3.2668
531,279.7721,-302.3597,87.9423,3.2582
532,280.4361,-302.9883,88.151,3.2504
533,281.026,-303.5371,88.3365,3.2437
534,281.531,-303.9969,88.4952,3.238
535,281.944,-304.3629,88.625,3.2336
536,282.2622,-304.6338,88.725,3.2304
537,282.4861,-304.8122,88.7954,3.2284
538,282.6199,-304.9035,88.8375,3.2275
539,282.6702,-304.9153,88.8533,3.2276
540,282.6452,-304.8562,88.8454,3.2287
541,282.554,-304.7355,88.8168,3.2306
542,282.4055,-304.5615,88.7701,3.2333
543,282.2075,-304.3415,88.7079,3.2367
544,281.9665,-304.0807,88.6321,3.2407
545,281.6867,-303.7826,88.5442,3.2452
546,281.3706,-303.4484,88.4448,3.2504
547,281.0182,-303.0775,88.334,3.2561
548,280.6282,-302.6678,88.2114,3.2624
549,280.1982,-302.2163,88.0762,3.2692
550,279.7246,-301.7196,87.9274,3.2767
551,279.2044,-301.1747,87.7639,3.2849
552,278.6347,-300.5795,87.5848,3.2937
553,278.0141,-299.9334,87.3897,3.3031
554,277.3431,-299.2375,87.1788,3.3131
555,276.6237,-298.4955,86.9527,3.3237
556,275.861,-297.7136,86.7129,3.3347
557,275.0628,-296.9015,86.462,3.3459
558,274.2403,-296.0718,86.2035,3.3573
559,273.4075,-295.24,85.9417,3.3685
560,272.5815,-294.4245,85.6821,3.3793
561,271.7819,-293.6458,85.4307,3.3895
562,271.0297,-292.9254,85.1943,3.3988
563,270.3468,-292.2853,84.9796,3.4068
564,269.7549,-291.7464,84.7935,3.4133
565,269.2738,-291.3275,84.6423,3.4181
566,268.9211,-291.044,84.5314,3.4209
567,268.7099,-290.9071,84.4651,3.4217
568,268.6488,-290.9226,84.4459,3.4203
569,268.7412,-291.0912,84.4749,3.4168
570,268.9849,-291.408,84.5515,3.4111
571,269.3725,-291.8631,84.6733,3.4035
572,269.8919,-292.4428,84.8366,3.3941
573,270.5278,-293.1302,85.0365,3.3832
574,271.2619,-293.9063,85.2673,3.3708
575,272.0752,-294.7518,85.5229,3.3574
576,272.9482,-295.6478,85.7973,3.3431
577,273.8629,-296.5774,86.0848,3.3282
578,274.8034,-297.5258,86.3805,3.3129
579,275.7566,-298.4818,86.6801,3.2972
580,276.7129,-299.4372,86.9807,3.2814
581,277.6659,-300.3875,87.2803,3.2654
582,278.6125,-301.3309,87.5778,3.2493
583,279.5524,-302.2683,87.8732,3.2333
584,280.4872,-303.202,88.1671,3.2172
585,281.42,-304.1353,88.4603,3.201
586,282.3538,-305.0708,88.7538,3.1847
587,283.2909,-306.0103,89.0484,3.1682
588,284.2321,-306.9536,89.3443,3.1518
589,285.1765,-307.8988,89.6411,3.1353
590,286.1208,-308.8414,89.9379,3.119
591,287.0596,-309.7749,90.233,3.1029
592,287.9854,-310.6912,90.5241,3.087
593,288.8892,-311.5807,90.8082,3.0715
594,289.7616,-312.4339,91.0824,3.0567
595,290.5928,-313.2411,91.3437,3.0425
596,291.3734,-313.9932,91.589,3.0292
597,292.0946,-314.6822,91.8157,3.0168
598,292.7493,-315.3016,92.0215,3.0055
599,293.3315,-315.8459,92.2045,2.9952
600,293.8366,-316.3115,92.3633,2.986
601,294.2616,-316.6958,92.4969,2.9781
602,294.6044,-316.9972,92.6047,2.9714
603,294.8639,-317.2149,92.6862,2.966
604,295.0394,-317.3488,92.7414,2.9617
605,295.1314,-317.3994,92.7703,2.9587
606,295.1407,-317.368,92.7732,2.9568
607,295.0687,-317.2561,92.7506,2.9562
608,294.9173,-317.0661,92.703,2.9566
609,294.6891,-316.8006,92.6313,2.9582
610,294.387,-316.4631,92.5363,2.9608
611,294.015,-316.058,92.4194,2.9645
612,293.5777,-315.59,92.2819,2.969
613,293.0803,-315.0647,92.1256,2.9743
614,292.5286,-314.4882,91.9521,2.9804
615,291.9289,-313.8672,91.7636,2.9872
616,291.2882,-313.2087,91.5622,2.9945
617,290.6138,-312.5205,91.3503,3.0024
618,289.9135,-311.81,91.1301,3.0106
619,289.1947,-311.0849,90.9042,3.0192
620,288.4652,-310.3529,90.6749,3.0279
621,287.7324,-309.6211,90.4445,3.0367
622,287.0035,-308.8966,90.2154,3.0456
623,286.2851,-308.1858,89.9896,3.0545
624,285.5833,-307.4942,89.769,3.0631
625,284.9032,-306.8262,89.5552,3.0715
626,284.2485,-306.1853,89.3494,3.0796
627,283.622,-305.5732,89.1525,3.0874
628,283.0247,-304.9902,88.9647,3.0949
629,282.4559,-304.4345,88.7859,3.1021
630,281.9127,-303.9021,88.6152,3.1091
631,281.3899,-303.3866,88.4509,3.116
632,280.8803,-302.8801,88.2907,3.1228
633,280.3749,-302.3724,88.1318,3.1297
634,279.8629,-301.8525,87.9709,3.1368
635,279.333,-301.309,87.8043,3.1443
636,278.7738,-300.7305,87.6285,3.1522
637,278.1746,-300.1075,87.4402,3.1608
638,277.5268,-299.4328,87.2366,3.17
639,276.825,-298.7026,87.0159,3.1798
640,276.0674,-297.9179,86.7778,3.1903
641,275.2577,-297.0847,86.5233,3.2014
642,274.4047,-296.2149,86.2552,3.2129
643,273.523,-295.3258,85.978,3.2246
644,272.6328,-294.4404,85.6982,3.2362
645,271.7595,-293.5862,85.4237,3.2473
646,270.9323,-292.7939,85.1637,3.2575
647,270.1832,-292.0962,84.9282,3.2665
648,269.5453,-291.526,84.7277,3.2737
649,269.0507,-291.1143,84.5722,3.2788
650,268.7286,-290.8881,84.471,3.2815
651,268.6037,-290.869,84.4317,3.2816
652,268.6941,-291.0717,84.4601,3.2788
653,269.0107,-291.5033,84.5596,3.2731
654,269.5571,-292.1634,84.7314,3.2644
655,270.3288,-293.0439,84.9739,3.2529
656,271.3142,-294.1297,85.2837,3.2389
657,272.4948,-295.3991,85.6548,3.2225
658,273.846,-296.8248,86.0795,3.2042
659,275.3382,-298.3754,86.5486,3.1843
660,276.9381,-300.0157,87.0515,3.1633
661,278.6092,-301.7083,87.5768,3.1417
662,280.3134,-303.4148,88.1125,3.12
663,282.0122,-305.0968,88.6465,3.0986
664,283.668,-306.7178,89.1669,3.078
665,285.2454,-308.2439,89.6628,3.0586
666,286.7121,-309.6446,90.1238,3.0409
667,288.0401,-310.8944,90.5413,3.0253
668,289.2061,-311.9725,90.9078,3.0119
669,290.1921,-312.8638,91.2177,3.001
670,290.9858,-313.5586,91.4672,2.9928
671,291.5804,-314.053,91.6541,2.9872
672,291.9745,-314.3482,91.778,2.9842
673,292.172,-314.4503,91.84,2.9839
674,292.1812,-314.3702,91.8429,2.986
675,292.0152,-314.1227,91.7908,2.9903
676,291.6907,-313.7265,91.6888,2.9965
677,291.228,-313.2033,91.5433,3.0044
678,290.6504,-312.5777,91.3617,3.0137
679,289.9835,-311.8766,91.1521,3.0241
680,289.2552,-311.1284,90.9232,3.0351
681,288.4945,-310.3627,90.6841,3.0465
682,287.7314,-309.6097,90.4442,3.0577
683,286.9956,-308.8984,90.2129,3.0685
684,286.3158,-308.2567,89.9992,3.0786
685,285.7185,-307.7096,89.8115,3.0875
686,285.227,-307.2785,89.657,3.095
687,284.8605,-306.9801,89.5418,3.101
688,284.6329,-306.8255,89.4703,3.1051
689,284.5524,-306.8196,89.445,3.1073
690,284.6206,-306.9606,89.4664,3.1077
691,284.8325,-307.2405,89.533,3.1065
692,285.1768,-307.6451,89.6412,3.1038
693,285.6368,-308.1549,89.7858,3.0998
694,286.1904,-308.746,89.9598,3.0948
695,286.8122,-309.3916,90.1553,3.0892
696,287.4742,-310.0628,90.3634,3.0834
697,288.147,-310.7299,90.5748,3.0777
698,288.8008,-311.3635,90.7804,3.0725
699,289.4069,-311.9356,90.9709,3.068
700,289.9383,-312.4205,91.1379,3.0647
701,290.3707,-312.7954,91.2738,3.0629
702,290.6829,-313.041,91.372,3.0627
703,290.8578,-313.1424,91.4269,3.0644
704,290.8825,-313.0888,91.4347,3.0681
705,290.7487,-312.8745,91.3927,3.0739
706,290.4531,-312.4984,91.2997,3.0816
707,289.9969,-311.964,91.1563,3.0913
708,289.3861,-311.2796,90.9643,3.1029
709,288.6308,-310.4575,90.7269,3.1161
710,287.7453,-309.5135,90.4486,3.1308
711,286.7472,-308.4667,90.1349,3.1465
712,285.6568,-307.3388,89.7921,3.1632
713,284.497,-306.1534,89.4275,3.1803
714,283.2921,-304.9358,89.0488,3.1977
715,282.068,-303.712,88.664,3.215
716,280.851,-302.5085,88.2815,3.2318
717,279.6675,-301.3515,87.9094,3.2477
718,278.5431,-300.2661,87.556,3.2625
719,277.5024,-299.2758,87.2289,3.2759
720,276.5679,-298.4022,86.9351,3.2875
721,275.7596,-297.6637,86.6811,3.2971
722,275.0945,-297.0753,86.472,3.3046
723,274.5856,-296.648,86.312,3.3097
724,274.2417,-296.3885,86.2039,3.3124
725,274.0672,-296.2988,86.1491,3.3128
726,274.0617,-296.3763,86.1473,3.3108
727,274.2207,-296.6145,86.1973,3.3065
728,274.5356,-297.0029,86.2963,3.3002
729,274.9942,-297.5279,86.4404,3.2918
730,275.5817,-298.1736,86.6251,3.2816
731,276.2813,-298.9224,86.845,3.2699
732,277.0749,-299.7562,87.0945,3.257
733,277.9443,-300.6567,87.3678,3.243
734,278.8716,-301.6066,87.6592,3.2282
735,279.8398,-302.5893,87.9636,3.2129
736,280.8332,-303.5898,88.2759,3.1972
737,281.8371,-304.594,88.5914,3.1815
738,282.8383,-305.5892,88.9061,3.1658
739,283.8245,-306.564,89.2161,3.1503
740,284.785,-307.5078,89.5181,3.1353
741,285.7093,-308.4104,89.8086,3.1208
742,286.5876,-309.2619,90.0847,3.107
743,287.4098,-310.0525,90.3431,3.0941
744,288.1662,-310.7721,90.5809,3.0823
745,288.8463,-311.4101,90.7947,3.0716
746,289.4396,-311.956,90.9812,3.0623
747,289.9353,-312.3987,91.137,3.0546
748,290.3224,-312.7272,91.2586,3.0485
749,290.5897,-312.9306,91.3427,3.0442
750,290.727,-312.999,91.3858,3.0419
751,290.7246,-312.9234,91.3851,3.0417
752,290.5743,-312.6964,91.3378,3.0437
753,290.2698,-312.313,91.2421,3.0478
754,289.8071,-311.7704,91.0967,3.0541
755,289.1852,-311.0691,90.9012,3.0627
756,288.4061,-310.2132,90.6563,3.0733
757,287.4757,-309.2102,90.3638,3.086
758,286.4037,-308.072,90.0269,3.1006
759,285.2036,-306.814,89.6496,3.1168
760,283.8931,-305.4558,89.2377,3.1343
761,282.4936,-304.0206,88.7978,3.1528
762,281.0297,-302.5344,88.3376,3.172
763,279.5288,-301.026,87.8659,3.1913
764,278.0207,-299.5255,87.3918,3.2105
765,276.5359,-298.0637,86.9251,3.2292
766,275.1052,-296.6711,86.4753,3.2469
767,273.7583,-295.3766,86.052,3.2632
768,272.523,-294.2062,85.6637,3.2778
769,271.4236,-293.1827,85.3181,3.2903
770,270.4811,-292.3251,85.0218,3.3007
771,269.7121,-291.6476,84.7801,3.3086
772,269.1288,-291.1602,84.5967,3.3138
773,268.739,-290.8689,84.4742,3.3165
774,268.5466,-290.7753,84.4138,3.3164
775,268.5516,-290.8779,84.4153,3.3138
776,268.7506,-291.1717,84.4779,3.3085
777,269.1371,-291.649,84.5994,3.3009
778,269.7022,-292.2992,84.777,3.2909
779,270.4341,-293.1095,85.0071,3.2788
780,271.3185,-294.0642,85.285,3.2648
781,272.3387,-295.1456,85.6057,3.2492
782,273.4759,-296.3339,85.9632,3.2321
783,274.7095,-297.6078,86.351,3.214
784,276.0175,-298.9448,86.7621,3.195
785,277.3771,-300.322,87.1895,3.1757
786,278.7656,-301.7168,87.6259,3.1562
787,280.1606,-303.1073,88.0644,3.1368
788,281.5409,-304.4732,88.4983,3.1179
789,282.887,-305.796,88.9215,3.0997
790,284.1817,-307.0595,89.3284,3.0823
791,285.41,-308.2501,89.7145,3.0661
792,286.5593,-309.3564,90.0758,3.0511
793,287.6198,-310.3697,90.4091,3.0376
794,288.5836,-311.2832,90.7121,3.0256
795,289.445,-312.0922,90.9828,3.0152
796,290.2,-312.7933,91.2202,3.0065
797,290.8463,-313.3847,91.4233,2.9996
798,291.382,-313.865,91.5917,2.9945
799,291.8061,-314.233,91.725,2.9912
800,292.1173,-314.4876,91.8229,2.9898
801,292.3147,-314.6276,91.8849,2.9902
802,292.3968,-314.6517,91.9107,2.9925
803,292.3623,-314.5582,91.8999,2.9966
804,292.2095,-314.3457,91.8518,3.0027
805,291.9369,-314.0129,91.7662,3.0107
806,291.5438,-313.5593,91.6426,3.0206
807,291.0301,-312.9856,91.4811,3.0323
808,290.3969,-312.2934,91.2821,3.0458
809,289.6465,-311.4855,91.0462,3.0612
810,288.7825,-310.5664,90.7746,3.0782
811,287.8098,-309.5413,90.4689,3.0968
812,286.7343,-308.4167,90.1308,3.1169
813,285.5628,-307.1999,89.7625,3.1383
814,284.303,-305.8988,89.3666,3.161
815,282.9632,-304.5219,88.9454,3.1847
816,281.5518,-303.0776,88.5017,3.2093
817,280.0774,-301.5747,88.0383,3.2347
818,278.5488,-300.022,87.5578,3.2607
819,276.9747,-298.4283,87.063,3.2871
820,275.3644,-296.8029,86.5568,3.3139
821,273.7271,-295.1554,86.0422,3.3407
822,272.0727,-293.496,85.5221,3.3675
823,270.4119,-291.8361,85.0001,3.3942
824,268.7566,-290.188,84.4798,3.4204
825,267.1197,-288.5651,83.9652,3.4461
826,265.5151,-286.9821,83.4608,3.471
827,263.9583,-285.4549,82.9715,3.4948
828,262.4654,-284.0001,82.5022,3.5173
829,261.0537,-282.6352,82.0585,3.5383
830,259.7404,-281.3774,81.6456,3.5575
831,258.5425,-280.2433,81.2691,3.5749
832,257.4764,-279.2484,80.934,3.5901
833,256.5564,-278.4061,80.6448,3.6031
834,255.7947,-277.7269,80.4054,3.6136
835,255.2,-277.2178,80.2184,3.6216
836,254.7775,-276.8819,80.0856,3.627
837,254.528,-276.7176,80.0072,3.63
838,254.4475,-276.7186,79.9819,3.6306
839,254.5276,-276.8743,80.0071,3.629
840,254.7553,-277.1697,80.0787,3.6255
841,255.1137,-277.5858,80.1913,3.6202
842,255.5822,-278.1007,80.3386,3.6136
843,256.1375,-278.6898,80.5131,3.6058
844,256.7543,-279.3274,80.707,3.5973
845,257.406,-279.9864,80.9119,3.5885
846,258.0658,-280.6399,81.1192,3.5797
847,258.7069,-281.2619,81.3208,3.5713
848,259.3038,-281.8275,81.5084,3.5635
849,259.8326,-282.3138,81.6746,3.5567
850,260.2716,-282.7004,81.8126,3.5513
851,260.6017,-282.9695,81.9164,3.5473
852,260.8069,-283.1069,81.9809,3.545
853,260.8744,-283.1018,82.0021,3.5446
854,260.7957,-282.9476,81.9774,3.5462
855,260.5663,-282.6426,81.9053,3.5497
856,260.1872,-282.1903,81.7861,3.5552
857,259.6651,-281.601,81.622,3.5624
858,259.0136,-280.8918,81.4172,3.5712
859,258.2535,-280.0873,81.1783,3.5812
860,257.4134,-279.2201,80.9142,3.5919
861,256.5293,-278.3294,80.6363,3.603
862,255.6434,-277.4598,80.3578,3.6139
863,254.8021,-276.6585,80.0934,3.6239
864,254.0521,-275.9709,79.8576,3.6325
865,253.4369,-275.4371,79.6642,3.6392
866,252.992,-275.0873,79.5244,3.6436
867,252.7415,-274.9389,79.4456,3.6456
868,252.6957,-274.995,79.4312,3.6451
869,252.8511,-275.2459,79.4801,3.6421
870,253.1923,-275.6714,79.5873,3.637
871,253.6949,-276.2441,79.7453,3.63
872,254.3296,-276.9335,79.9448,3.6216
873,255.0654,-277.7089,80.1761,3.6121
874,255.8725,-278.5418,80.4298,3.6017
875,256.7241,-279.4071,80.6975,3.5909
876,257.5969,-280.2837,80.9719,3.5798
877,258.4718,-281.154,81.2469,3.5686
878,259.3332,-282.0043,81.5176,3.5577
879,260.1684,-282.8231,81.7802,3.5471
880,260.9675,-283.6015,82.0314,3.537
881,261.7225,-284.3325,82.2687,3.5274
882,262.4273,-285.0107,82.4902,3.5184
883,263.0771,-285.632,82.6945,3.5101
884,263.6686,-286.1941,82.8804,3.5025
885,264.2003,-286.696,83.0475,3.4956
886,264.6718,-287.138,83.1958,3.4893
887,265.0841,-287.5218,83.3254,3.4837
888,265.4395,-287.85,83.4371,3.4788
889,265.7411,-288.1263,83.5319,3.4746
890,265.9926,-288.3545,83.6109,3.4711
891,266.1982,-288.5389,83.6756,3.4681
892,266.3621,-288.6836,83.7271,3.4655
893,266.4884,-288.7925,83.7668,3.4635
894,266.5806,-288.8689,83.7958,3.4618
895,266.6419,-288.9158,83.815,3.4606
896,266.6749,-288.9354,83.8254,3.4596
897,266.6816,-288.9296,83.8275,3.459
898,266.6637,-288.8999,83.8219,3.4585
899,266.6228,-288.8481,83.809,3.4583
900,266.5606,-288.7759,83.7895,3.4584
901,266.479,-288.6853,83.7638,3.4587
902,266.3802,-288.579,83.7328,3.4592
903,266.2672,-288.46,83.6973,3.4598
904,266.1433,-288.332,83.6583,3.4605
905,266.0122,-288.1986,83.6171,3.4613
906,265.8777,-288.0638,83.5748,3.4621
907,265.7437,-287.9314,83.5327,3.4629
908,265.6139,-287.8051,83.4919,3.4635
909,265.4921,-287.6884,83.4536,3.4639
910,265.3815,-287.5847,83.4189,3.4641
911,265.2855,-287.497,83.3887,3.464
912,265.2069,-287.428,83.364,3.4635
913,265.1484,-287.3804,83.3456,3.4628
914,265.1124,-287.3565,83.3343,3.4617
915,265.1014,-287.3587,83.3308,3.4601
916,265.1177,-287.3896,83.3359,3.4579
917,265.1638,-287.4512,83.3504,3.4553
918,265.2416,-287.5454,83.3749,3.4523
919,265.3529,-287.674,83.4099,3.4487
920,265.4993,-287.8384,83.4559,3.4445
921,265.6823,-288.0401,83.5134,3.4397
922,265.9034,-288.2806,83.5829,3.4343
923,266.1641,-288.5616,83.6648,3.4284
924,266.4659,-288.8842,83.7597,3.4218
925,266.8096,-289.2489,83.8677,3.4147
926,267.1955,-289.6556,83.989,3.407
927,267.6227,-290.1026,84.1233,3.3988
928,268.0888,-290.5865,84.2699,3.3901
929,268.5892,-291.1012,84.4271,3.3811
930,269.1164,-291.6382,84.5929,3.3718
931,269.6606,-292.1865,84.7639,3.3625
932,270.21,-292.7334,84.9366,3.3531
933,270.751,-293.2649,85.1067,3.3441
934,271.2697,-293.7672,85.2697,3.3354
935,271.7527,-294.2277,85.4215,3.3274
936,272.1882,-294.6357,85.5584,3.3202
937,272.5668,-294.9836,85.6774,3.3137
938,272.8826,-295.2666,85.7767,3.3082
939,273.1325,-295.4834,85.8553,3.3036
940,273.3165,-295.6353,85.9131,3.2999
941,273.4373,-295.7264,85.9511,3.2971
942,273.4999,-295.7623,85.9708,3.295
943,273.5108,-295.75,85.9742,3.2937
944,273.4771,-295.6966,85.9636,3.293
945,273.4058,-295.609,85.9412,3.2929
946,273.3033,-295.4928,85.9089,3.2933
947,273.1745,-295.3523,85.8685,3.2941
948,273.023,-295.19,85.8208,3.2953
949,272.8503,-295.0066,85.7666,3.2969
950,272.6562,-294.801,85.7055,3.2989
951,272.4387,-294.5706,85.6372,3.3013
952,272.1947,-294.3116,85.5605,3.3042
953,271.9203,-294.0206,85.4742,3.3076
954,271.6121,-293.6941,85.3773,3.3114
955,271.2674,-293.3307,85.269,3.3159
956,270.8856,-292.9308,85.149,3.3208
957,270.4687,-292.4977,85.0179,3.3262
958,270.0215,-292.0384,84.8774,3.3319
959,269.5528,-291.5632,84.73,3.3379
960,269.0745,-291.0855,84.5797,3.3439
961,268.6017,-290.6217,84.4311,3.3498
962,268.1516,-290.1899,84.2896,3.3552
963,267.7428,-289.8089,84.1611,3.36
964,267.394,-289.4968,84.0515,3.364
965,267.1226,-289.2695,83.9661,3.3669
966,266.9428,-289.1398,83.9096,3.3686
967,266.8654,-289.116,83.8853,3.3691
968,266.8961,-289.2015,83.8949,3.3682
969,267.0361,-289.3947,83.9389,3.366
970,267.2812,-289.6895,84.016,3.3625
971,267.6235,-290.0762,84.1236,3.3579
972,268.0515,-290.542,84.2581,3.3523
973,268.5517,-291.0728,84.4154,3.346
974,269.1095,-291.6536,84.5907,3.3391
975,269.7097,-292.2696,84.7794,3.3318
976,270.3379,-292.9063,84.9768,3.3243
977,270.9799,-293.5504,85.1786,3.3167
978,271.6227,-294.1889,85.3807,3.3092
979,272.2539,-294.8098,85.5791,3.302
980,272.8615,-295.4015,85.7701,3.2952
981,273.4346,-295.9533,85.9502,3.2889
982,273.9626,-296.4551,86.1162,3.2835
983,274.4358,-296.8978,86.2649,3.2788
984,274.8459,-297.2739,86.3938,3.2751
985,275.1865,-297.578,86.5009,3.2723
986,275.453,-297.8064,86.5847,3.2707
987,275.6426,-297.9573,86.6443,3.2701
988,275.7544,-298.0303,86.6794,3.2707
989,275.7886,-298.0261,86.6902,3.2724
990,275.7461,-297.9459,86.6768,3.2753
991,275.6282,-297.7907,86.6397,3.2792
992,275.4356,-297.561,86.5792,3.2842
993,275.1686,-297.2567,86.4953,3.2903
994,274.8267,-296.8773,86.3878,3.2974
995,274.4093,-296.4218,86.2566,3.3057
996,273.9154,-295.8895,86.1014,3.3151
997,273.3447,-295.2806,85.9219,3.3255
998,272.698,-294.5969,85.7187,3.3369
999,271.9782,-293.8421,85.4924,3.3493
1000,271.1899,-293.022,85.2446,3.3626
